indicador_id,nombre,periodo,valor
6200032078,Población económicamente activa - 15 años y más,2005,4006615.0
6200032078,Población económicamente activa - 15 años y más,2005,4310517.0
6200032078,Población económicamente activa - 15 años y más,2005,4310581.0
6200032078,Población económicamente activa - 15 años y más,2005,4390635.0
6200032078,Población económicamente activa - 15 años y más,2006,4541641.0
6200032078,Población económicamente activa - 15 años y más,2006,4556366.0
6200032078,Población económicamente activa - 15 años y más,2006,4912767.0
6200032078,Población económicamente activa - 15 años y más,2006,4806141.0
6200032078,Población económicamente activa - 15 años y más,2007,5029941.0
6200032078,Población económicamente activa - 15 años y más,2007,4860811.0
6200032078,Población económicamente activa - 15 años y más,2007,4824316.0
6200032078,Población económicamente activa - 15 años y más,2007,5045675.0
6200032078,Población económicamente activa - 15 años y más,2008,4960359.0
6200032078,Población económicamente activa - 15 años y más,2008,4689314.0
6200032078,Población económicamente activa - 15 años y más,2008,5083210.0
6200032078,Población económicamente activa - 15 años y más,2008,5279730.0
6200032078,Población económicamente activa - 15 años y más,2009,5624290.0
6200032078,Población económicamente activa - 15 años y más,2009,5836534.0
6200032078,Población económicamente activa - 15 años y más,2009,5433973.0
6200032078,Población económicamente activa - 15 años y más,2009,5854811.0
6200032078,Población económicamente activa - 15 años y más,2010,5611563.0
6200032078,Población económicamente activa - 15 años y más,2010,5604906.0
6200032078,Población económicamente activa - 15 años y más,2010,5484957.0
6200032078,Población económicamente activa - 15 años y más,2010,6090107.0
6200032078,Población económicamente activa - 15 años y más,2011,5884216.0
6200032078,Población económicamente activa - 15 años y más,2011,6043908.0
6200032078,Población económicamente activa - 15 años y más,2011,5935327.0
6200032078,Población económicamente activa - 15 años y más,2011,6024914.0
6200032078,Población económicamente activa - 15 años y más,2012,5929577.0
6200032078,Población económicamente activa - 15 años y más,2012,5874063.0
6200032078,Población económicamente activa - 15 años y más,2012,5772568.0
6200032078,Población económicamente activa - 15 años y más,2012,6022697.0
6200032078,Población económicamente activa - 15 años y más,2013,6056961.0
6200032078,Población económicamente activa - 15 años y más,2013,6064296.0
6200032078,Población económicamente activa - 15 años y más,2013,5832310.0
6200032078,Población económicamente activa - 15 años y más,2013,5999361.0
6200032078,Población económicamente activa - 15 años y más,2014,5801827.0
6200032078,Población económicamente activa - 15 años y más,2014,5676437.0
6200032078,Población económicamente activa - 15 años y más,2014,5666427.0
6200032078,Población económicamente activa - 15 años y más,2014,5713625.0
6200032078,Población económicamente activa - 15 años y más,2015,5919154.0
6200032078,Población económicamente activa - 15 años y más,2015,5768747.0
6200032078,Población económicamente activa - 15 años y más,2015,5948590.0
6200032078,Población económicamente activa - 15 años y más,2015,5803405.0
6200032078,Población económicamente activa - 15 años y más,2016,5891612.0
6200032078,Población económicamente activa - 15 años y más,2016,5769932.0
6200032078,Población económicamente activa - 15 años y más,2016,5407790.0
6200032078,Población económicamente activa - 15 años y más,2016,5783672.0
6200032078,Población económicamente activa - 15 años y más,2017,5640206.0
6200032078,Población económicamente activa - 15 años y más,2017,5687545.0
6200032078,Población económicamente activa - 15 años y más,2017,5358606.0
6200032078,Población económicamente activa - 15 años y más,2017,5529957.0
6200032078,Población económicamente activa - 15 años y más,2018,5656689.0
6200032078,Población económicamente activa - 15 años y más,2018,5459372.0
6200032078,Población económicamente activa - 15 años y más,2018,5481723.0
6200032078,Población económicamente activa - 15 años y más,2018,5731676.0
6200032078,Población económicamente activa - 15 años y más,2019,5557244.0
6200032078,Población económicamente activa - 15 años y más,2019,5568053.0
6200032078,Población económicamente activa - 15 años y más,2019,5785946.0
6200032078,Población económicamente activa - 15 años y más,2019,5735592.0
6200032078,Población económicamente activa - 15 años y más,2020,5679187.0
6200032078,Población económicamente activa - 15 años y más,2020,10722254.0
6200032078,Población económicamente activa - 15 años y más,2020,8820594.0
6200032078,Población económicamente activa - 15 años y más,2021,8353845.0
6200032078,Población económicamente activa - 15 años y más,2021,7913168.0
6200032078,Población económicamente activa - 15 años y más,2021,7752876.0
6200032078,Población económicamente activa - 15 años y más,2021,7459867.0
6200032078,Población económicamente activa - 15 años y más,2022,7591225.0
6200032078,Población económicamente activa - 15 años y más,2022,7459918.0
6200032078,Población económicamente activa - 15 años y más,2022,5821301.0
6200032078,Población económicamente activa - 15 años y más,2022,5388751.0
6200032078,Población económicamente activa - 15 años y más,2023,5404063.0
6200032078,Población económicamente activa - 15 años y más,2023,5178139.0
6200032078,Población económicamente activa - 15 años y más,2023,5183059.0
6200032078,Población económicamente activa - 15 años y más,2023,5139337.0
6200032078,Población económicamente activa - 15 años y más,2024,5000328.0
6200032078,Población económicamente activa - 15 años y más,2024,4929290.0
6200032078,Población económicamente activa - 15 años y más,2024,5277222.0
6200032078,Población económicamente activa - 15 años y más,2024,5482356.0
6200032078,Población económicamente activa - 15 años y más,2025,5259451.0
6200032078,Población económicamente activa - 15 años y más,2025,5118795.0
6200032080,Población no económicamente activa disponible - 15 años y más,2005,5943034.0
6200032080,Población no económicamente activa disponible - 15 años y más,2005,6058196.0
6200032080,Población no económicamente activa disponible - 15 años y más,2005,6024732.0
6200032080,Población no económicamente activa disponible - 15 años y más,2005,5774915.0
6200032080,Población no económicamente activa disponible - 15 años y más,2006,5746366.0
6200032080,Población no económicamente activa disponible - 15 años y más,2006,5678304.0
6200032080,Población no económicamente activa disponible - 15 años y más,2006,5513771.0
6200032080,Población no económicamente activa disponible - 15 años y más,2006,5633395.0
6200032080,Población no económicamente activa disponible - 15 años y más,2007,5669530.0
6200032080,Población no económicamente activa disponible - 15 años y más,2007,5366624.0
6200032080,Población no económicamente activa disponible - 15 años y más,2007,5354796.0
6200032080,Población no económicamente activa disponible - 15 años y más,2007,5656451.0
6200032080,Población no económicamente activa disponible - 15 años y más,2008,5364992.0
6200032080,Población no económicamente activa disponible - 15 años y más,2008,5388570.0
6200032080,Población no económicamente activa disponible - 15 años y más,2008,5222659.0
6200032080,Población no económicamente activa disponible - 15 años y más,2008,5236378.0
6200032080,Población no económicamente activa disponible - 15 años y más,2009,5543740.0
6200032080,Población no económicamente activa disponible - 15 años y más,2009,5792041.0
6200032080,Población no económicamente activa disponible - 15 años y más,2009,6059853.0
6200032080,Población no económicamente activa disponible - 15 años y más,2009,6145585.0
6200032080,Población no económicamente activa disponible - 15 años y más,2010,6010324.0
6200032080,Población no económicamente activa disponible - 15 años y más,2010,6213660.0
6200032080,Población no económicamente activa disponible - 15 años y más,2010,5986317.0
6200032080,Población no económicamente activa disponible - 15 años y más,2010,5652702.0
6200032080,Población no económicamente activa disponible - 15 años y más,2011,5605736.0
6200032080,Población no económicamente activa disponible - 15 años y más,2011,5830854.0
6200032080,Población no económicamente activa disponible - 15 años y más,2011,5984871.0
6200032080,Población no económicamente activa disponible - 15 años y más,2011,6221889.0
6200032080,Población no económicamente activa disponible - 15 años y más,2012,6279662.0
6200032080,Población no económicamente activa disponible - 15 años y más,2012,6620268.0
6200032080,Población no económicamente activa disponible - 15 años y más,2012,6654628.0
6200032080,Población no económicamente activa disponible - 15 años y más,2012,6242702.0
6200032080,Población no económicamente activa disponible - 15 años y más,2013,6129785.0
6200032080,Población no económicamente activa disponible - 15 años y más,2013,6501488.0
6200032080,Población no económicamente activa disponible - 15 años y más,2013,6527402.0
6200032080,Población no económicamente activa disponible - 15 años y más,2013,6665734.0
6200032080,Población no económicamente activa disponible - 15 años y más,2014,6260418.0
6200032080,Población no económicamente activa disponible - 15 años y más,2014,6361828.0
6200032080,Población no económicamente activa disponible - 15 años y más,2014,6501381.0
6200032080,Población no económicamente activa disponible - 15 años y más,2014,6572336.0
6200032080,Población no económicamente activa disponible - 15 años y más,2015,6518695.0
6200032080,Población no económicamente activa disponible - 15 años y más,2015,6753635.0
6200032080,Población no económicamente activa disponible - 15 años y más,2015,6745250.0
6200032080,Población no económicamente activa disponible - 15 años y más,2015,7453089.0
6200032080,Población no económicamente activa disponible - 15 años y más,2016,7741496.0
6200032080,Población no económicamente activa disponible - 15 años y más,2016,7863359.0
6200032080,Población no económicamente activa disponible - 15 años y más,2016,7699324.0
6200032080,Población no económicamente activa disponible - 15 años y más,2016,7315621.0
6200032080,Población no económicamente activa disponible - 15 años y más,2017,7317087.0
6200032080,Población no económicamente activa disponible - 15 años y más,2017,7425284.0
6200032080,Población no económicamente activa disponible - 15 años y más,2017,7225950.0
6200032080,Población no económicamente activa disponible - 15 años y más,2017,7787152.0
6200032080,Población no económicamente activa disponible - 15 años y más,2018,8477828.0
6200032080,Población no económicamente activa disponible - 15 años y más,2018,8543642.0
6200032080,Población no económicamente activa disponible - 15 años y más,2018,8400074.0
6200032080,Población no económicamente activa disponible - 15 años y más,2018,8527262.0
6200032080,Población no económicamente activa disponible - 15 años y más,2019,10475750.0
6200032080,Población no económicamente activa disponible - 15 años y más,2019,10742929.0
6200032080,Población no económicamente activa disponible - 15 años y más,2019,10800265.0
6200032080,Población no económicamente activa disponible - 15 años y más,2019,10914675.0
6200032080,Población no económicamente activa disponible - 15 años y más,2020,12359120.0
6200032080,Población no económicamente activa disponible - 15 años y más,2020,11883590.0
6200032080,Población no económicamente activa disponible - 15 años y más,2020,12110252.0
6200032080,Población no económicamente activa disponible - 15 años y más,2021,13409568.0
6200032080,Población no económicamente activa disponible - 15 años y más,2021,14228426.0
6200032080,Población no económicamente activa disponible - 15 años y más,2021,13800307.0
6200032080,Población no económicamente activa disponible - 15 años y más,2021,13661940.0
6200032080,Población no económicamente activa disponible - 15 años y más,2022,19174266.0
6200032080,Población no económicamente activa disponible - 15 años y más,2022,18983918.0
6200032080,Población no económicamente activa disponible - 15 años y más,2022,18301841.0
6200032080,Población no económicamente activa disponible - 15 años y más,2022,17912989.0
6200032080,Población no económicamente activa disponible - 15 años y más,2023,20971572.0
6200032080,Población no económicamente activa disponible - 15 años y más,2023,20368429.0
6200032080,Población no económicamente activa disponible - 15 años y más,2023,19681392.0
6200032080,Población no económicamente activa disponible - 15 años y más,2023,19548314.0
6200032080,Población no económicamente activa disponible - 15 años y más,2024,23392875.0
6200032080,Población no económicamente activa disponible - 15 años y más,2024,22588453.0
6200032080,Población no económicamente activa disponible - 15 años y más,2024,22266608.0
6200032080,Población no económicamente activa disponible - 15 años y más,2024,21445293.0
6200032080,Población no económicamente activa disponible - 15 años y más,2025,23613972.0
6200032080,Población no económicamente activa disponible - 15 años y más,2025,23122509.0
6200032083,Población ocupada con ingresos de hasta un salario mínimo - 15 años y más,2005,9706432.0
6200032083,Población ocupada con ingresos de hasta un salario mínimo - 15 años y más,2005,9279881.0
6200032083,Población ocupada con ingresos de hasta un salario mínimo - 15 años y más,2005,9123742.0
6200032083,Población ocupada con ingresos de hasta un salario mínimo - 15 años y más,2005,9114515.0
6200032083,Población ocupada con ingresos de hasta un salario mínimo - 15 años y más,2006,9009509.0
6200032083,Población ocupada con ingresos de hasta un salario mínimo - 15 años y más,2006,8958714.0
6200032083,Población ocupada con ingresos de hasta un salario mínimo - 15 años y más,2006,8602700.0
6200032083,Población ocupada con ingresos de hasta un salario mínimo - 15 años y más,2006,8822930.0
6200032083,Población ocupada con ingresos de hasta un salario mínimo - 15 años y más,2007,9148313.0
6200032083,Población ocupada con ingresos de hasta un salario mínimo - 15 años y más,2007,8974616.0
6200032083,Población ocupada con ingresos de hasta un salario mínimo - 15 años y más,2007,8776338.0
6200032083,Población ocupada con ingresos de hasta un salario mínimo - 15 años y más,2007,8952432.0
6200032083,Población ocupada con ingresos de hasta un salario mínimo - 15 años y más,2008,8994167.0
6200032083,Población ocupada con ingresos de hasta un salario mínimo - 15 años y más,2008,9135166.0
6200032083,Población ocupada con ingresos de hasta un salario mínimo - 15 años y más,2008,8879617.0
6200032083,Población ocupada con ingresos de hasta un salario mínimo - 15 años y más,2008,8783252.0
6200032083,Población ocupada con ingresos de hasta un salario mínimo - 15 años y más,2009,10177199.0
6200032083,Población ocupada con ingresos de hasta un salario mínimo - 15 años y más,2009,9878196.0
6200032083,Población ocupada con ingresos de hasta un salario mínimo - 15 años y más,2009,10034964.0
6200032083,Población ocupada con ingresos de hasta un salario mínimo - 15 años y más,2009,10297280.0
6200032083,Población ocupada con ingresos de hasta un salario mínimo - 15 años y más,2010,10687196.0
6200032083,Población ocupada con ingresos de hasta un salario mínimo - 15 años y más,2010,10699434.0
6200032083,Población ocupada con ingresos de hasta un salario mínimo - 15 años y más,2010,10345565.0
6200032083,Población ocupada con ingresos de hasta un salario mínimo - 15 años y más,2010,10280014.0
6200032083,Población ocupada con ingresos de hasta un salario mínimo - 15 años y más,2011,10514469.0
6200032083,Población ocupada con ingresos de hasta un salario mínimo - 15 años y más,2011,10413164.0
6200032083,Población ocupada con ingresos de hasta un salario mínimo - 15 años y más,2011,10558158.0
6200032083,Población ocupada con ingresos de hasta un salario mínimo - 15 años y más,2011,10653992.0
6200032083,Población ocupada con ingresos de hasta un salario mínimo - 15 años y más,2012,11267510.0
6200032083,Población ocupada con ingresos de hasta un salario mínimo - 15 años y más,2012,11266485.0
6200032083,Población ocupada con ingresos de hasta un salario mínimo - 15 años y más,2012,11207129.0
6200032083,Población ocupada con ingresos de hasta un salario mínimo - 15 años y más,2012,11032576.0
6200032083,Población ocupada con ingresos de hasta un salario mínimo - 15 años y más,2013,11626414.0
6200032083,Población ocupada con ingresos de hasta un salario mínimo - 15 años y más,2013,11976785.0
6200032083,Población ocupada con ingresos de hasta un salario mínimo - 15 años y más,2013,11608751.0
6200032083,Población ocupada con ingresos de hasta un salario mínimo - 15 años y más,2013,11474414.0
6200032083,Población ocupada con ingresos de hasta un salario mínimo - 15 años y más,2014,11727255.0
6200032083,Población ocupada con ingresos de hasta un salario mínimo - 15 años y más,2014,11782775.0
6200032083,Población ocupada con ingresos de hasta un salario mínimo - 15 años y más,2014,11444572.0
6200032083,Población ocupada con ingresos de hasta un salario mínimo - 15 años y más,2014,11806172.0
6200032083,Población ocupada con ingresos de hasta un salario mínimo - 15 años y más,2015,12327009.0
6200032083,Población ocupada con ingresos de hasta un salario mínimo - 15 años y más,2015,12560949.0
6200032083,Población ocupada con ingresos de hasta un salario mínimo - 15 años y más,2015,12604948.0
6200032083,Población ocupada con ingresos de hasta un salario mínimo - 15 años y más,2015,12427523.0
6200032083,Población ocupada con ingresos de hasta un salario mínimo - 15 años y más,2016,13549724.0
6200032083,Población ocupada con ingresos de hasta un salario mínimo - 15 años y más,2016,13475248.0
6200032083,Población ocupada con ingresos de hasta un salario mínimo - 15 años y más,2016,13392951.0
6200032083,Población ocupada con ingresos de hasta un salario mínimo - 15 años y más,2016,13343790.0
6200032083,Población ocupada con ingresos de hasta un salario mínimo - 15 años y más,2017,14044480.0
6200032083,Población ocupada con ingresos de hasta un salario mínimo - 15 años y más,2017,13901746.0
6200032083,Población ocupada con ingresos de hasta un salario mínimo - 15 años y más,2017,13475034.0
6200032083,Población ocupada con ingresos de hasta un salario mínimo - 15 años y más,2017,13995817.0
6200032083,Población ocupada con ingresos de hasta un salario mínimo - 15 años y más,2018,15040314.0
6200032083,Población ocupada con ingresos de hasta un salario mínimo - 15 años y más,2018,15090433.0
6200032083,Población ocupada con ingresos de hasta un salario mínimo - 15 años y más,2018,14912733.0
6200032083,Población ocupada con ingresos de hasta un salario mínimo - 15 años y más,2018,14853021.0
6200032083,Población ocupada con ingresos de hasta un salario mínimo - 15 años y más,2019,16982455.0
6200032083,Población ocupada con ingresos de hasta un salario mínimo - 15 años y más,2019,17391709.0
6200032083,Población ocupada con ingresos de hasta un salario mínimo - 15 años y más,2019,17401735.0
6200032083,Población ocupada con ingresos de hasta un salario mínimo - 15 años y más,2019,17436060.0
6200032083,Población ocupada con ingresos de hasta un salario mínimo - 15 años y más,2020,19665053.0
6200032083,Población ocupada con ingresos de hasta un salario mínimo - 15 años y más,2020,17000786.0
6200032083,Población ocupada con ingresos de hasta un salario mínimo - 15 años y más,2020,18202066.0
6200032083,Población ocupada con ingresos de hasta un salario mínimo - 15 años y más,2021,19062560.0
6200032083,Población ocupada con ingresos de hasta un salario mínimo - 15 años y más,2021,19567314.0
6200032083,Población ocupada con ingresos de hasta un salario mínimo - 15 años y más,2021,19641674.0
6200032083,Población ocupada con ingresos de hasta un salario mínimo - 15 años y más,2021,19940225.0
6200032083,Población ocupada con ingresos de hasta un salario mínimo - 15 años y más,2022,18327341.0
6200032083,Población ocupada con ingresos de hasta un salario mínimo - 15 años y más,2022,19041105.0
6200032083,Población ocupada con ingresos de hasta un salario mínimo - 15 años y más,2022,19174677.0
6200032083,Población ocupada con ingresos de hasta un salario mínimo - 15 años y más,2022,19772120.0
6200032083,Población ocupada con ingresos de hasta un salario mínimo - 15 años y más,2023,19776708.0
6200032083,Población ocupada con ingresos de hasta un salario mínimo - 15 años y más,2023,20018022.0
6200032083,Población ocupada con ingresos de hasta un salario mínimo - 15 años y más,2023,19948701.0
6200032083,Población ocupada con ingresos de hasta un salario mínimo - 15 años y más,2023,20517264.0
6200032083,Población ocupada con ingresos de hasta un salario mínimo - 15 años y más,2024,18363728.0
6200032083,Población ocupada con ingresos de hasta un salario mínimo - 15 años y más,2024,18841833.0
6200032083,Población ocupada con ingresos de hasta un salario mínimo - 15 años y más,2024,19075031.0
6200032083,Población ocupada con ingresos de hasta un salario mínimo - 15 años y más,2024,18865549.0
6200032083,Población ocupada con ingresos de hasta un salario mínimo - 15 años y más,2025,17266274.0
6200032083,Población ocupada con ingresos de hasta un salario mínimo - 15 años y más,2025,17480062.0
6200032095,Población ocupada que no recibe ingresos - 15 años y más,2005,3732860.0
6200032095,Población ocupada que no recibe ingresos - 15 años y más,2005,3765549.0
6200032095,Población ocupada que no recibe ingresos - 15 años y más,2005,4202515.0
6200032095,Población ocupada que no recibe ingresos - 15 años y más,2005,3842339.0
6200032095,Población ocupada que no recibe ingresos - 15 años y más,2006,3466009.0
6200032095,Población ocupada que no recibe ingresos - 15 años y más,2006,3595295.0
6200032095,Población ocupada que no recibe ingresos - 15 años y más,2006,3919010.0
6200032095,Población ocupada que no recibe ingresos - 15 años y más,2006,3791983.0
6200032095,Población ocupada que no recibe ingresos - 15 años y más,2007,3550771.0
6200032095,Población ocupada que no recibe ingresos - 15 años y más,2007,3683339.0
6200032095,Población ocupada que no recibe ingresos - 15 años y más,2007,3918989.0
6200032095,Población ocupada que no recibe ingresos - 15 años y más,2007,3959719.0
6200032095,Población ocupada que no recibe ingresos - 15 años y más,2008,3608888.0
6200032095,Población ocupada que no recibe ingresos - 15 años y más,2008,3619172.0
6200032095,Población ocupada que no recibe ingresos - 15 años y más,2008,3796918.0
6200032095,Población ocupada que no recibe ingresos - 15 años y más,2008,3778749.0
6200032095,Población ocupada que no recibe ingresos - 15 años y más,2009,3319498.0
6200032095,Población ocupada que no recibe ingresos - 15 años y más,2009,3641482.0
6200032095,Población ocupada que no recibe ingresos - 15 años y más,2009,3909801.0
6200032095,Población ocupada que no recibe ingresos - 15 años y más,2009,3973030.0
6200032095,Población ocupada que no recibe ingresos - 15 años y más,2010,3470457.0
6200032095,Población ocupada que no recibe ingresos - 15 años y más,2010,3824677.0
6200032095,Población ocupada que no recibe ingresos - 15 años y más,2010,4020647.0
6200032095,Población ocupada que no recibe ingresos - 15 años y más,2010,3814356.0
6200032095,Población ocupada que no recibe ingresos - 15 años y más,2011,3367735.0
6200032095,Población ocupada que no recibe ingresos - 15 años y más,2011,3606385.0
6200032095,Población ocupada que no recibe ingresos - 15 años y más,2011,3894430.0
6200032095,Población ocupada que no recibe ingresos - 15 años y más,2011,3959893.0
6200032095,Población ocupada que no recibe ingresos - 15 años y más,2012,3562387.0
6200032095,Población ocupada que no recibe ingresos - 15 años y más,2012,3846039.0
6200032095,Población ocupada que no recibe ingresos - 15 años y más,2012,3988632.0
6200032095,Población ocupada que no recibe ingresos - 15 años y más,2012,3884699.0
6200032095,Población ocupada que no recibe ingresos - 15 años y más,2013,3424056.0
6200032095,Población ocupada que no recibe ingresos - 15 años y más,2013,3693756.0
6200032095,Población ocupada que no recibe ingresos - 15 años y más,2013,3909145.0
6200032095,Población ocupada que no recibe ingresos - 15 años y más,2013,3809084.0
6200032095,Población ocupada que no recibe ingresos - 15 años y más,2014,3437914.0
6200032095,Población ocupada que no recibe ingresos - 15 años y más,2014,3597137.0
6200032095,Población ocupada que no recibe ingresos - 15 años y más,2014,3838404.0
6200032095,Población ocupada que no recibe ingresos - 15 años y más,2014,3585837.0
6200032095,Población ocupada que no recibe ingresos - 15 años y más,2015,3351997.0
6200032095,Población ocupada que no recibe ingresos - 15 años y más,2015,3633198.0
6200032095,Población ocupada que no recibe ingresos - 15 años y más,2015,3659039.0
6200032095,Población ocupada que no recibe ingresos - 15 años y más,2015,3531685.0
6200032095,Población ocupada que no recibe ingresos - 15 años y más,2016,3107860.0
6200032095,Población ocupada que no recibe ingresos - 15 años y más,2016,3337791.0
6200032095,Población ocupada que no recibe ingresos - 15 años y más,2016,3561771.0
6200032095,Población ocupada que no recibe ingresos - 15 años y más,2016,3377925.0
6200032095,Población ocupada que no recibe ingresos - 15 años y más,2017,3068066.0
6200032095,Población ocupada que no recibe ingresos - 15 años y más,2017,3256799.0
6200032095,Población ocupada que no recibe ingresos - 15 años y más,2017,3362468.0
6200032095,Población ocupada que no recibe ingresos - 15 años y más,2017,3345545.0
6200032095,Población ocupada que no recibe ingresos - 15 años y más,2018,2901646.0
6200032095,Población ocupada que no recibe ingresos - 15 años y más,2018,3191189.0
6200032095,Población ocupada que no recibe ingresos - 15 años y más,2018,3417943.0
6200032095,Población ocupada que no recibe ingresos - 15 años y más,2018,3283669.0
6200032095,Población ocupada que no recibe ingresos - 15 años y más,2019,3077043.0
6200032095,Población ocupada que no recibe ingresos - 15 años y más,2019,3171114.0
6200032095,Población ocupada que no recibe ingresos - 15 años y más,2019,3438070.0
6200032095,Población ocupada que no recibe ingresos - 15 años y más,2019,3318236.0
6200032095,Población ocupada que no recibe ingresos - 15 años y más,2020,2886084.0
6200032095,Población ocupada que no recibe ingresos - 15 años y más,2020,3093294.0
6200032095,Población ocupada que no recibe ingresos - 15 años y más,2020,3034218.0
6200032095,Población ocupada que no recibe ingresos - 15 años y más,2021,2785922.0
6200032095,Población ocupada que no recibe ingresos - 15 años y más,2021,3036146.0
6200032095,Población ocupada que no recibe ingresos - 15 años y más,2021,3357316.0
6200032095,Población ocupada que no recibe ingresos - 15 años y más,2021,3235154.0
6200032095,Población ocupada que no recibe ingresos - 15 años y más,2022,2893470.0
6200032095,Población ocupada que no recibe ingresos - 15 años y más,2022,3037270.0
6200032095,Población ocupada que no recibe ingresos - 15 años y más,2022,3360922.0
6200032095,Población ocupada que no recibe ingresos - 15 años y más,2022,3274735.0
6200032095,Población ocupada que no recibe ingresos - 15 años y más,2023,2918301.0
6200032095,Población ocupada que no recibe ingresos - 15 años y más,2023,2985916.0
6200032095,Población ocupada que no recibe ingresos - 15 años y más,2023,3141390.0
6200032095,Población ocupada que no recibe ingresos - 15 años y más,2023,2982491.0
6200032095,Población ocupada que no recibe ingresos - 15 años y más,2024,2778227.0
6200032095,Población ocupada que no recibe ingresos - 15 años y más,2024,2752998.0
6200032095,Población ocupada que no recibe ingresos - 15 años y más,2024,3075992.0
6200032095,Población ocupada que no recibe ingresos - 15 años y más,2024,2800442.0
6200032095,Población ocupada que no recibe ingresos - 15 años y más,2025,2580961.0
6200032095,Población ocupada que no recibe ingresos - 15 años y más,2025,2784614.0
6200093709,Población ocupada con ingresos de más de 1 hasta 2 salarios mínimos - 15 años y más,2005,11322038.0
6200093709,Población ocupada con ingresos de más de 1 hasta 2 salarios mínimos - 15 años y más,2005,11443970.0
6200093709,Población ocupada con ingresos de más de 1 hasta 2 salarios mínimos - 15 años y más,2005,11560769.0
6200093709,Población ocupada con ingresos de más de 1 hasta 2 salarios mínimos - 15 años y más,2005,11863420.0
6200093709,Población ocupada con ingresos de más de 1 hasta 2 salarios mínimos - 15 años y más,2006,11570975.0
6200093709,Población ocupada con ingresos de más de 1 hasta 2 salarios mínimos - 15 años y más,2006,11539516.0
6200093709,Población ocupada con ingresos de más de 1 hasta 2 salarios mínimos - 15 años y más,2006,11443076.0
6200093709,Población ocupada con ingresos de más de 1 hasta 2 salarios mínimos - 15 años y más,2006,11518464.0
6200093709,Población ocupada con ingresos de más de 1 hasta 2 salarios mínimos - 15 años y más,2007,11520676.0
6200093709,Población ocupada con ingresos de más de 1 hasta 2 salarios mínimos - 15 años y más,2007,11755351.0
6200093709,Población ocupada con ingresos de más de 1 hasta 2 salarios mínimos - 15 años y más,2007,11670221.0
6200093709,Población ocupada con ingresos de más de 1 hasta 2 salarios mínimos - 15 años y más,2007,12145034.0
6200093709,Población ocupada con ingresos de más de 1 hasta 2 salarios mínimos - 15 años y más,2008,12076562.0
6200093709,Población ocupada con ingresos de más de 1 hasta 2 salarios mínimos - 15 años y más,2008,12251151.0
6200093709,Población ocupada con ingresos de más de 1 hasta 2 salarios mínimos - 15 años y más,2008,12027124.0
6200093709,Población ocupada con ingresos de más de 1 hasta 2 salarios mínimos - 15 años y más,2008,11887157.0
6200093709,Población ocupada con ingresos de más de 1 hasta 2 salarios mínimos - 15 años y más,2009,12314492.0
6200093709,Población ocupada con ingresos de más de 1 hasta 2 salarios mínimos - 15 años y más,2009,12483173.0
6200093709,Población ocupada con ingresos de más de 1 hasta 2 salarios mínimos - 15 años y más,2009,12694057.0
6200093709,Población ocupada con ingresos de más de 1 hasta 2 salarios mínimos - 15 años y más,2009,12925118.0
6200093709,Población ocupada con ingresos de más de 1 hasta 2 salarios mínimos - 15 años y más,2010,12714883.0
6200093709,Población ocupada con ingresos de más de 1 hasta 2 salarios mínimos - 15 años y más,2010,13148256.0
6200093709,Población ocupada con ingresos de más de 1 hasta 2 salarios mínimos - 15 años y más,2010,12712083.0
6200093709,Población ocupada con ingresos de más de 1 hasta 2 salarios mínimos - 15 años y más,2010,12148814.0
6200093709,Población ocupada con ingresos de más de 1 hasta 2 salarios mínimos - 15 años y más,2011,12778794.0
6200093709,Población ocupada con ingresos de más de 1 hasta 2 salarios mínimos - 15 años y más,2011,13207968.0
6200093709,Población ocupada con ingresos de más de 1 hasta 2 salarios mínimos - 15 años y más,2011,13252994.0
6200093709,Población ocupada con ingresos de más de 1 hasta 2 salarios mínimos - 15 años y más,2011,13710077.0
6200093709,Población ocupada con ingresos de más de 1 hasta 2 salarios mínimos - 15 años y más,2012,13504677.0
6200093709,Población ocupada con ingresos de más de 1 hasta 2 salarios mínimos - 15 años y más,2012,13996405.0
6200093709,Población ocupada con ingresos de más de 1 hasta 2 salarios mínimos - 15 años y más,2012,14090858.0
6200093709,Población ocupada con ingresos de más de 1 hasta 2 salarios mínimos - 15 años y más,2012,13347135.0
6200093709,Población ocupada con ingresos de más de 1 hasta 2 salarios mínimos - 15 años y más,2013,13608325.0
6200093709,Población ocupada con ingresos de más de 1 hasta 2 salarios mínimos - 15 años y más,2013,13856869.0
6200093709,Población ocupada con ingresos de más de 1 hasta 2 salarios mínimos - 15 años y más,2013,13609264.0
6200093709,Población ocupada con ingresos de más de 1 hasta 2 salarios mínimos - 15 años y más,2013,13687478.0
6200093709,Población ocupada con ingresos de más de 1 hasta 2 salarios mínimos - 15 años y más,2014,13432670.0
6200093709,Población ocupada con ingresos de más de 1 hasta 2 salarios mínimos - 15 años y más,2014,13233768.0
6200093709,Población ocupada con ingresos de más de 1 hasta 2 salarios mínimos - 15 años y más,2014,13186039.0
6200093709,Población ocupada con ingresos de más de 1 hasta 2 salarios mínimos - 15 años y más,2014,13456638.0
6200093709,Población ocupada con ingresos de más de 1 hasta 2 salarios mínimos - 15 años y más,2015,13296533.0
6200093709,Población ocupada con ingresos de más de 1 hasta 2 salarios mínimos - 15 años y más,2015,13503031.0
6200093709,Población ocupada con ingresos de más de 1 hasta 2 salarios mínimos - 15 años y más,2015,13670297.0
6200093709,Población ocupada con ingresos de más de 1 hasta 2 salarios mínimos - 15 años y más,2015,14106367.0
6200093709,Población ocupada con ingresos de más de 1 hasta 2 salarios mínimos - 15 años y más,2016,13549099.0
6200093709,Población ocupada con ingresos de más de 1 hasta 2 salarios mínimos - 15 años y más,2016,13719120.0
6200093709,Población ocupada con ingresos de más de 1 hasta 2 salarios mínimos - 15 años y más,2016,13893714.0
6200093709,Población ocupada con ingresos de más de 1 hasta 2 salarios mínimos - 15 años y más,2016,13984334.0
6200093709,Población ocupada con ingresos de más de 1 hasta 2 salarios mínimos - 15 años y más,2017,13963817.0
6200093709,Población ocupada con ingresos de más de 1 hasta 2 salarios mínimos - 15 años y más,2017,13889958.0
6200093709,Población ocupada con ingresos de más de 1 hasta 2 salarios mínimos - 15 años y más,2017,13771065.0
6200093709,Población ocupada con ingresos de más de 1 hasta 2 salarios mínimos - 15 años y más,2017,14055239.0
6200093709,Población ocupada con ingresos de más de 1 hasta 2 salarios mínimos - 15 años y más,2018,14233933.0
6200093709,Población ocupada con ingresos de más de 1 hasta 2 salarios mínimos - 15 años y más,2018,14562427.0
6200093709,Población ocupada con ingresos de más de 1 hasta 2 salarios mínimos - 15 años y más,2018,14659518.0
6200093709,Población ocupada con ingresos de más de 1 hasta 2 salarios mínimos - 15 años y más,2018,14709039.0
6200093709,Población ocupada con ingresos de más de 1 hasta 2 salarios mínimos - 15 años y más,2019,14909467.0
6200093709,Población ocupada con ingresos de más de 1 hasta 2 salarios mínimos - 15 años y más,2019,15165497.0
6200093709,Población ocupada con ingresos de más de 1 hasta 2 salarios mínimos - 15 años y más,2019,15142564.0
6200093709,Población ocupada con ingresos de más de 1 hasta 2 salarios mínimos - 15 años y más,2019,15172271.0
6200093709,Población ocupada con ingresos de más de 1 hasta 2 salarios mínimos - 15 años y más,2020,15149455.0
6200093709,Población ocupada con ingresos de más de 1 hasta 2 salarios mínimos - 15 años y más,2020,13645216.0
6200093709,Población ocupada con ingresos de más de 1 hasta 2 salarios mínimos - 15 años y más,2020,14769550.0
6200093709,Población ocupada con ingresos de más de 1 hasta 2 salarios mínimos - 15 años y más,2021,14833401.0
6200093709,Población ocupada con ingresos de más de 1 hasta 2 salarios mínimos - 15 años y más,2021,15794596.0
6200093709,Población ocupada con ingresos de más de 1 hasta 2 salarios mínimos - 15 años y más,2021,16007862.0
6200093709,Población ocupada con ingresos de más de 1 hasta 2 salarios mínimos - 15 años y más,2021,16321523.0
6200093709,Población ocupada con ingresos de más de 1 hasta 2 salarios mínimos - 15 años y más,2022,15874864.0
6200093709,Población ocupada con ingresos de más de 1 hasta 2 salarios mínimos - 15 años y más,2022,16466262.0
6200093709,Población ocupada con ingresos de más de 1 hasta 2 salarios mínimos - 15 años y más,2022,16188068.0
6200093709,Población ocupada con ingresos de más de 1 hasta 2 salarios mínimos - 15 años y más,2022,16402184.0
6200093709,Población ocupada con ingresos de más de 1 hasta 2 salarios mínimos - 15 años y más,2023,16506302.0
6200093709,Población ocupada con ingresos de más de 1 hasta 2 salarios mínimos - 15 años y más,2023,16535606.0
6200093709,Población ocupada con ingresos de más de 1 hasta 2 salarios mínimos - 15 años y más,2023,16707970.0
6200093709,Población ocupada con ingresos de más de 1 hasta 2 salarios mínimos - 15 años y más,2023,16789898.0
6200093709,Población ocupada con ingresos de más de 1 hasta 2 salarios mínimos - 15 años y más,2024,16459370.0
6200093709,Población ocupada con ingresos de más de 1 hasta 2 salarios mínimos - 15 años y más,2024,16691011.0
6200093709,Población ocupada con ingresos de más de 1 hasta 2 salarios mínimos - 15 años y más,2024,16730767.0
6200093709,Población ocupada con ingresos de más de 1 hasta 2 salarios mínimos - 15 años y más,2024,17020710.0
6200093709,Población ocupada con ingresos de más de 1 hasta 2 salarios mínimos - 15 años y más,2025,16991143.0
6200093709,Población ocupada con ingresos de más de 1 hasta 2 salarios mínimos - 15 años y más,2025,17240375.0
6200093960,Población desocupada - 15 años y más,2005,42106336.0
6200093960,Población desocupada - 15 años y más,2005,42219007.0
6200093960,Población desocupada - 15 años y más,2005,43047402.0
6200093960,Población desocupada - 15 años y más,2005,43314284.0
6200093960,Población desocupada - 15 años y más,2006,43400348.0
6200093960,Población desocupada - 15 años y más,2006,43721799.0
6200093960,Población desocupada - 15 años y más,2006,44551347.0
6200093960,Población desocupada - 15 años y más,2006,44715120.0
6200093960,Población desocupada - 15 años y más,2007,44472620.0
6200093960,Población desocupada - 15 años y más,2007,44735004.0
6200093960,Población desocupada - 15 años y más,2007,45040393.0
6200093960,Población desocupada - 15 años y más,2007,46040388.0
6200093960,Población desocupada - 15 años y más,2008,45625155.0
6200093960,Población desocupada - 15 años y más,2008,46046193.0
6200093960,Población desocupada - 15 años y más,2008,46126669.0
6200093960,Población desocupada - 15 años y más,2008,45923533.0
6200093960,Población desocupada - 15 años y más,2009,46146794.0
6200093960,Población desocupada - 15 años y más,2009,46627270.0
6200093960,Población desocupada - 15 años y más,2009,47909329.0
6200093960,Población desocupada - 15 años y más,2009,48076707.0
6200093960,Población desocupada - 15 años y más,2010,47223973.0
6200093960,Población desocupada - 15 años y más,2010,48343555.0
6200093960,Población desocupada - 15 años y más,2010,48395513.0
6200093960,Población desocupada - 15 años y más,2010,47690785.0
6200093960,Población desocupada - 15 años y más,2011,47717620.0
6200093960,Población desocupada - 15 años y más,2011,48664833.0
6200093960,Población desocupada - 15 años y más,2011,49306944.0
6200093960,Población desocupada - 15 años y más,2011,49919819.0
6200093960,Población desocupada - 15 años y más,2012,49354876.0
6200093960,Población desocupada - 15 años y más,2012,50611767.0
6200093960,Población desocupada - 15 años y más,2012,51056223.0
6200093960,Población desocupada - 15 años y más,2012,50451564.0
6200093960,Población desocupada - 15 años y más,2013,50002761.0
6200093960,Población desocupada - 15 años y más,2013,51040692.0
6200093960,Población desocupada - 15 años y más,2013,51183262.0
6200093960,Población desocupada - 15 años y más,2013,51506922.0
6200093960,Población desocupada - 15 años y más,2014,50715329.0
6200093960,Población desocupada - 15 años y más,2014,51004605.0
6200093960,Población desocupada - 15 años y más,2014,51364782.0
6200093960,Población desocupada - 15 años y más,2014,51277056.0
6200093960,Población desocupada - 15 años y más,2015,51176166.0
6200093960,Población desocupada - 15 años y más,2015,51800807.0
6200093960,Población desocupada - 15 años y más,2015,52368409.0
6200093960,Población desocupada - 15 años y más,2015,52997084.0
6200093960,Población desocupada - 15 años y más,2016,52141197.0
6200093960,Población desocupada - 15 años y más,2016,52760481.0
6200093960,Población desocupada - 15 años y más,2016,53465906.0
6200093960,Población desocupada - 15 años y más,2016,53296175.0
6200093960,Población desocupada - 15 años y más,2017,52967544.0
6200093960,Población desocupada - 15 años y más,2017,53377703.0
6200093960,Población desocupada - 15 años y más,2017,53702713.0
6200093960,Población desocupada - 15 años y más,2017,54032400.0
6200093960,Población desocupada - 15 años y más,2018,53936667.0
6200093960,Población desocupada - 15 años y más,2018,55039393.0
6200093960,Población desocupada - 15 años y más,2018,55390625.0
6200093960,Población desocupada - 15 años y más,2018,55519394.0
6200093960,Población desocupada - 15 años y más,2019,55578352.0
6200093960,Población desocupada - 15 años y más,2019,56547664.0
6200093960,Población desocupada - 15 años y más,2019,56976075.0
6200093960,Población desocupada - 15 años y más,2019,57277858.0
6200093960,Población desocupada - 15 años y más,2020,57014967.0
6200093960,Población desocupada - 15 años y más,2020,53571791.0
6200093960,Población desocupada - 15 años y más,2020,55653440.0
6200093960,Población desocupada - 15 años y más,2021,55385133.0
6200093960,Población desocupada - 15 años y más,2021,57668254.0
6200093960,Población desocupada - 15 años y más,2021,58307446.0
6200093960,Población desocupada - 15 años y más,2021,58761793.0
6200093960,Población desocupada - 15 años y más,2022,58085314.0
6200093960,Población desocupada - 15 años y más,2022,59338419.0
6200093960,Población desocupada - 15 años y más,2022,59480471.0
6200093960,Población desocupada - 15 años y más,2022,60145456.0
6200093960,Población desocupada - 15 años y más,2023,60089308.0
6200093960,Población desocupada - 15 años y más,2023,60216432.0
6200093960,Población desocupada - 15 años y más,2023,60992668.0
6200093960,Población desocupada - 15 años y más,2023,61042968.0
6200093960,Población desocupada - 15 años y más,2024,60663120.0
6200093960,Población desocupada - 15 años y más,2024,60953610.0
6200093960,Población desocupada - 15 años y más,2024,61370334.0
6200093960,Población desocupada - 15 años y más,2024,61055321.0
6200093960,Población desocupada - 15 años y más,2025,60491235.0
6200093960,Población desocupada - 15 años y más,2025,61065005.0
6200093973,Población ocupada en el sector informal - 15 años y más,2005,1619265.0
6200093973,Población ocupada en el sector informal - 15 años y más,2005,1466023.0
6200093973,Población ocupada en el sector informal - 15 años y más,2005,1622041.0
6200093973,Población ocupada en el sector informal - 15 años y más,2005,1348286.0
6200093973,Población ocupada en el sector informal - 15 años y más,2006,1530073.0
6200093973,Población ocupada en el sector informal - 15 años y más,2006,1370261.0
6200093973,Población ocupada en el sector informal - 15 años y más,2006,1774900.0
6200093973,Población ocupada en el sector informal - 15 años y más,2006,1605212.0
6200093973,Población ocupada en el sector informal - 15 años y más,2007,1755167.0
6200093973,Población ocupada en el sector informal - 15 años y más,2007,1489721.0
6200093973,Población ocupada en el sector informal - 15 años y más,2007,1729897.0
6200093973,Población ocupada en el sector informal - 15 años y más,2007,1594805.0
6200093973,Población ocupada en el sector informal - 15 años y más,2008,1772176.0
6200093973,Población ocupada en el sector informal - 15 años y más,2008,1584043.0
6200093973,Población ocupada en el sector informal - 15 años y más,2008,1902210.0
6200093973,Población ocupada en el sector informal - 15 años y más,2008,1924693.0
6200093973,Población ocupada en el sector informal - 15 años y más,2009,2309209.0
6200093973,Población ocupada en el sector informal - 15 años y más,2009,2384320.0
6200093973,Población ocupada en el sector informal - 15 años y más,2009,2947287.0
6200093973,Población ocupada en el sector informal - 15 años y más,2009,2518112.0
6200093973,Población ocupada en el sector informal - 15 años y más,2010,2503613.0
6200093973,Población ocupada en el sector informal - 15 años y más,2010,2501640.0
6200093973,Población ocupada en el sector informal - 15 años y más,2010,2694395.0
6200093973,Población ocupada en el sector informal - 15 años y más,2010,2523823.0
6200093973,Población ocupada en el sector informal - 15 años y más,2011,2462764.0
6200093973,Población ocupada en el sector informal - 15 años y más,2011,2549143.0
6200093973,Población ocupada en el sector informal - 15 años y más,2011,2734954.0
6200093973,Población ocupada en el sector informal - 15 años y más,2011,2424585.0
6200093973,Población ocupada en el sector informal - 15 años y más,2012,2426676.0
6200093973,Población ocupada en el sector informal - 15 años y más,2012,2437097.0
6200093973,Población ocupada en el sector informal - 15 años y más,2012,2608598.0
6200093973,Población ocupada en el sector informal - 15 años y más,2012,2456827.0
6200093973,Población ocupada en el sector informal - 15 años y más,2013,2454027.0
6200093973,Población ocupada en el sector informal - 15 años y más,2013,2559478.0
6200093973,Población ocupada en el sector informal - 15 años y más,2013,2683554.0
6200093973,Población ocupada en el sector informal - 15 años y más,2013,2388252.0
6200093973,Población ocupada en el sector informal - 15 años y más,2014,2443010.0
6200093973,Población ocupada en el sector informal - 15 años y más,2014,2499511.0
6200093973,Población ocupada en el sector informal - 15 años y más,2014,2699998.0
6200093973,Población ocupada en el sector informal - 15 años y más,2014,2250882.0
6200093973,Población ocupada en el sector informal - 15 años y más,2015,2168178.0
6200093973,Población ocupada en el sector informal - 15 años y más,2015,2252239.0
6200093973,Población ocupada en el sector informal - 15 años y más,2015,2404478.0
6200093973,Población ocupada en el sector informal - 15 años y más,2015,2203551.0
6200093973,Población ocupada en el sector informal - 15 años y más,2016,2112148.0
6200093973,Población ocupada en el sector informal - 15 años y más,2016,2069571.0
6200093973,Población ocupada en el sector informal - 15 años y más,2016,2145512.0
6200093973,Población ocupada en el sector informal - 15 años y más,2016,1881990.0
6200093973,Población ocupada en el sector informal - 15 años y más,2017,1795510.0
6200093973,Población ocupada en el sector informal - 15 años y más,2017,1848286.0
6200093973,Población ocupada en el sector informal - 15 años y más,2017,1905789.0
6200093973,Población ocupada en el sector informal - 15 años y más,2017,1809658.0
6200093973,Población ocupada en el sector informal - 15 años y más,2018,1683631.0
6200093973,Población ocupada en el sector informal - 15 años y más,2018,1834230.0
6200093973,Población ocupada en el sector informal - 15 años y más,2018,1907532.0
6200093973,Población ocupada en el sector informal - 15 años y más,2018,1813522.0
6200093973,Población ocupada en el sector informal - 15 años y más,2019,1863594.0
6200093973,Población ocupada en el sector informal - 15 años y más,2019,1997895.0
6200093973,Población ocupada en el sector informal - 15 años y más,2019,2127668.0
6200093973,Población ocupada en el sector informal - 15 años y más,2019,1932597.0
6200093973,Población ocupada en el sector informal - 15 años y más,2020,1956517.0
6200093973,Población ocupada en el sector informal - 15 años y más,2020,2761078.0
6200093973,Población ocupada en el sector informal - 15 años y más,2020,2529369.0
6200093973,Población ocupada en el sector informal - 15 años y más,2021,2411863.0
6200093973,Población ocupada en el sector informal - 15 años y más,2021,2425506.0
6200093973,Población ocupada en el sector informal - 15 años y más,2021,2471216.0
6200093973,Población ocupada en el sector informal - 15 años y más,2021,2150582.0
6200093973,Población ocupada en el sector informal - 15 años y más,2022,2006191.0
6200093973,Población ocupada en el sector informal - 15 años y más,2022,1917742.0
6200093973,Población ocupada en el sector informal - 15 años y más,2022,2040030.0
6200093973,Población ocupada en el sector informal - 15 años y más,2022,1796103.0
6200093973,Población ocupada en el sector informal - 15 años y más,2023,1597182.0
6200093973,Población ocupada en el sector informal - 15 años y más,2023,1694442.0
6200093973,Población ocupada en el sector informal - 15 años y más,2023,1825196.0
6200093973,Población ocupada en el sector informal - 15 años y más,2023,1639021.0
6200093973,Población ocupada en el sector informal - 15 años y más,2024,1542215.0
6200093973,Población ocupada en el sector informal - 15 años y más,2024,1626449.0
6200093973,Población ocupada en el sector informal - 15 años y más,2024,1842085.0
6200093973,Población ocupada en el sector informal - 15 años y más,2024,1567775.0
6200093973,Población ocupada en el sector informal - 15 años y más,2025,1490226.0
6200093973,Población ocupada en el sector informal - 15 años y más,2025,1624245.0
6207019047,Porcentaje de la población de 12 años y más no económicamente activa que estudia,2015,32.031616
6207019047,Porcentaje de la población de 12 años y más no económicamente activa que estudia,2020,34.718820785616
